Function Number,Average Error,Average Time
19,5.9030695051303494,15.53786019484202
