Function Number,Average Error,Average Time
19,5.601592215650589,15.572533655166627
